{
	"data":
	[
		{
			"id": 1,
			"user_id": 1,
			"status_identifier": "published",
			"identifier": "about_us",
			"page_id": 0,
			"slug": "about-us",
			"title": "About Us",
			"content": "",
			"icon": "fa fa-address-card",
			"seo_title": "About Us",
			"seo_keyword": "google-play-store,free-android,download-app-store,google-apps,codecanyon,google-play-store-for-android",
			"seo_description": "Know more about Google Play Store CMS created by Anthony Pillos. Download Apk now. google-play-store,free-android-apps,download-app-store,google-play-store-apps",
			"position": 0,
			"is_enabled": 1,
			"is_demo": 0,
			"created_at": "2019-04-18 06:56:39",
			"updated_at": "2019-04-18 07:01:54",
			"deleted_at": null
		},
		{
			"id": 2,
			"user_id": 1,
			"status_identifier": "published",
			"identifier": "privacy_policy",
			"page_id": 0,
			"slug": "privacy-policy",
			"title": "Privacy Policy",
			"content": "",
			"icon": "fa fa-user-secret",
			"seo_title": "Privacy Policy",
			"seo_keyword": "privacy-policy,google-play-store,download-apk,privacy-policy-app",
			"seo_description": "Privacy Policy",
			"position": 0,
			"is_enabled": 1,
			"is_demo": 0,
			"created_at": "2019-04-18 06:56:39",
			"updated_at": "2019-04-18 06:56:39",
			"deleted_at": null
		},
		{
			"id": 3,
			"user_id": 1,
			"status_identifier": "published",
			"identifier": "dmca_disclaimer",
			"page_id": 0,
			"slug": "dmca-disclaimer",
			"title": "DMCA Disclaimer",
			"content": "",
			"icon": "fa fa-balance-scale",
			"seo_title": "DMCA Disclaimer",
			"seo_keyword": "dmca-disclaimer,google-play-store-apk-download,google-play-store",
			"seo_description": "DMCA Disclaimer for Google Play Store Apk Download",
			"position": 0,
			"is_enabled": 1,
			"is_demo": 0,
			"created_at": "2019-04-18 06:56:39",
			"updated_at": "2019-04-18 06:56:39",
			"deleted_at": null
		},
		{
			"id": 4,
			"user_id": 1,
			"status_identifier": "published",
			"identifier": "terms_of_use",
			"page_id": 0,
			"slug": "terms-of-use",
			"title": "Terms of Use",
			"content": "",
			"icon": "fa fa-user-shield",
			"seo_title": "Terms of Use for Google Play Store Apk Download",
			"seo_keyword": "terms-of-use,googel-play-store,apk-download,access-site-apk,privacy-policy",
			"seo_description": "Terms of Use",
			"position": 0,
			"is_enabled": 1,
			"is_demo": 0,
			"created_at": "2019-04-18 06:56:39",
			"updated_at": "2019-04-18 06:56:39",
			"deleted_at": null
		}
	]
}